1,AGMA TRADING HOUSE ,Ph: 9884200201 ,TN1/ME/603/21 28/06/2021 ,Live other than ornamental fish,
,"OLD NO16, NEW NO 33, ",email: AGMATRADINGHOUSE@GMAIL.COM,27-06-2024,,
,ESI HOSPITAL ,,,,
,"ROAD,PERAVALLUR,AGARAM, PERAMBUR/600011, Tamil Nadu",,,,
2,AQGROMALIN FARMTECH SERVICES PVT LTD ,Ph: 9150095418 ,TN1/ME/620/22 23/03/2022 ,Live other than ornamental fish,Live other than ornamental fish:Crab(mudcrab)
,"3rd Floor, Tower C, Rattha Tek Meadows Road ",email: urvashi.sundarraju@aqgromalin.,22-03-2025,,
,"Elcot Sez, Sholinganallur ",Web: www.aqaicrabs.com,,,
,"/600097, Tamil Nadu",,,,
3,"ARHAAN TRADING COMPANY NEW NO. 133, OLD NO. 65, ",Ph: 04448645151 ,TN1/ME/605/21 03/09/2021 ,Dried,
,LINGHI CHETTY STREET ,email: arhaanmaws@gmail.com,02-09-2024,,
,"CHENNAI-600001/600001, Tamil Nadu",,,,
4,BSF EXPORTS ,Ph: 7200200035 ,TN1/ME/623/22 18/04/2022 ,Live other than ornamental fish,Live other than ornamental fish:Crab(Crab(Mud Crab))
,"12/2, 13/2 REX STREET ",email: bsfexports1961@gmail.com,17-04-2025,,
,"WEST COOVAM RIVER ROAD CHINTADRIPET,/600002, Tamil Nadu",,,,
5,"CHENNAI MARINE EXPORTS, No.43,Old No.21, Kalavai Chetty street ",Ph: 9884916999 ,TN1/ME/518/18 15/01/2018 ,Live other than ornamental fish,Live other than ornamental fish:Crab(Crab(Mud Crab))
,"Chindatripet, ",email: chennaimarineexport@gmail.com,14-01-2024,,
,"Chennai/600002, Tamil Nadu",,,,
6,CHITANG BEIKE IMPEX PRIVATE LIMITED ,Ph: 9962247316 ,TN1/ME/564/19 02/08/2019 ,Live other than ornamental fish,Live other than ornamental fish:Crab(Crab(Mud Crab))
,No 147/54 Ground Floor ,email: chitangbeike@gmail.com,01-08-2025,,
,"Swami Naicken Street Chintadripet Chennai 600002, Tamil Nadu",,,,
7,COASTAL AQUACULTURE ,Ph: 7299910993 ,TN1/ME/621/22 05/04/2022 ,Frozen,
,RESEARCH INSTITUTE PRIVATE LIMITED ,email: abhishek@aquaconnect.blue Web: https://aquaconnect.blue/,04-04-2025,,
,"Type II/17, Dr V S I Estate ",,,,
,"Rajiv Gandhi Salai, Thiruvanmiyur, /600041, Tamil Nadu",,,,
8,COASTLINE FISHERIES ,email: brittoseafoodexports@gmail.com,TN1/ME/370/14 14/07/2014 ,Chilled,"Chilled:Fish Wild(chilled : grouper , tomato grouper,,chilled prawn, coral trout fish, "
,"4/1, BALAKRISHNAN STREET, TONDIARPET, ",,13-07-2023,,baigai)
,"CHENNAI-600 081., Tamil Nadu",,,,
9,DECO DE TREND ,Ph: 04467142222 ,TN1/ME/552/19 15/02/2019 ,Others-Non Edible,Others-Non Edible:Sea Shells(SEA SHELLS)
,"4/371, DAVID NAGAR ",email: ACCOUNTS@DECODETREND.COM,14-02-2025,,
,VANDALLUR - WALAJABAD ,,,,
,ROAD ,,,,
,"PADAPPAI VILLAGE/601301, Tamil Nadu",,,,
10,DUX GLOBAL SOLUTIONS ,Ph: 04424880136 ,TN1/ME/631/22 26/08/2022 ,Others-Non Edible,Others-Non Edible:Prawn Feed(PRAWN FEED)
,ZEAL HOUSE NO 5 M G ,email: DUXGLOBAL73@GMAIL.COM,25-08-2025,,
,CHAKRAPANI STREET ,,,,
,SATHYA GARDEN ,,,,
,"SALIGRAMAM/600093, Tamil Nadu",,,,
11,"EAST INDIA CORPORATION PLOT NO.8, 2ND FLOOR, SRI LAKSHMI NAGAR ",Ph: 9884578615 ,TN1/ME/602/21 21/06/2021 ,Chilled,
,"2ND CROSS STREET, ",email: sales@eastindiacorporations.com,20-06-2024,,
,KATHIRVEDU ,,,,
,"Chennai-600066, Tamil Nadu",,,,
,,Ph: 9791945468 ,TN1/ME/611/21    30/12/2021 29/12/2024,Chilled,
12,"Off FOUR SEASONS INDIA GROUP 29-B, Jayalakshmi Street Moolachathram Main Road, MMC Madhavaram, Chennai/600051, Tamil Nadu",email: fourseasonsindiag@gmail.com,,,"Chilled:Fish Wild(Silver Pomfret,Reef Cod Spotted Grouper,White Snapper,Red "
,,,,,"Snapper,Macreal,King Fish,Silver "
,,,,,"Croaker,Sardine) "
,,,,,Chilled:Fish 
,,,,,"Aquaculture(Rohu,Catla,Seabass,Roopchand) Chilled:Shrimp Wild(White,Tiger) "
,,,,,Chilled:Shrimp Aquaculture(Vannamei 
,,,,,Shrimps) 
,,,,,Chilled:Squid(Needle Squid)
13,GREAT WIN EXPORTS ,email: greatwinexports@gmail.com,TN1/ME/392/15 29/01/2015 ,Frozen,Frozen:Fish Wild(PUD shrimp) 
,"4/234 D, MGR SALAI, ",,28-01-2024,,Frozen:Shrimp Aquaculture(Vannamei Shrimp)
,"7TH STREET, PALAVAKKAM CHENNAI-600 041., Tamil Nadu",,,,
14,GREAT WIN EXPORTS PRIVATE LIMITED ,Ph: 9789901306 ,TN1/ME/610/21 24/11/2021 ,Frozen,Frozen:Fish Wild(PUD shrimp) 
,NO.4/234D ,email: greatwinexportspvtltd@gmail.co,23-11-2024,,Frozen:Shrimp Aquaculture(Vannamei Shrimp)
,"MGR SALAI 7TH STREET, ",,,,
,PALAVAKKAM CHENNAI ,,,,
,"/600041, Tamil Nadu",,,,
15,GREENONE IMPEX ,Ph: 04288290437 ,TN1/ME/615/22 07/02/2022 ,Chilled,"Chilled:Fish Wild(Pearlspot fish,Grouper fish,PARROT FISH,ROGHU "
,"51/7-4, Mani Complex, Sankagiri Road, ",email: info@greenoneimpex.com Web: www.greenoneimpex.com,06-02-2025,,"FISH,PROMPET FISH, CORAL TROUT FISH) "
,"Seetharampalayam Post, ",,,,"Chilled:Fish Aquaculture(PEARL SPOT FISH ,ROGHU FISH) "
,Thiruchengode ,,,,"Chilled:Shrimp Wild(VANAMIE SHRIPMS ,BLACK TIGER SHRIMPS,SEA FLOWER PRAWNS, SEA TIGER PRAWNS,) "
,"Namakkal/637209, Tamil Nadu",,,,"Chilled:Shrimp Aquaculture(VANAMIE SHRIPMS ,BLACK TIGER SHRIMPS)"
16,J.V.P MARINE PRODUCTS ,Ph: 9842658852 ,TN1/ME/549/19 24/01/2019 ,Frozen,
,EXPORTS PRIVATE LIMITED 80A/1 ,email: jvpmarineexports@gmail.com,23-01-2025,,
,PIDARI NORTH STREET ,,,,
,"SIRKALI/609110, Tamil Nadu",,,,
17,JANSI SEA FOOD ,Ph: 9840210946 ,TN1/ME/496/17 31/08/2017 ,Live other than ornamental fish,"Live other than ornamental fish:Lobster(Live Lobster , snail)"
,"NO.27, TONDIAR NAGAR, 3rd STREET ",email: jansiseafood27@gmail.com,30-08-2023,,
,"TONDIARPET, CHENNAI ",,,,
,"600081, Tamil Nadu",,,,
18,JAY JAY SERVICES ,Ph: 09487949415 ,TN1/ME/639/22 05/12/2022 ,Others-Non Edible,
,2C Shakthi Palace ,email: info@jayjayservices.com Web: www.jayjayservices.com,03-04-2023,,
,Jaikrishna Garden ,,,,
,"Thindal-ERODE/638012, Tamil Nadu",,,,
19,KATHIJA IMPEX ,Ph: 7401999666 ,TN1/ME/636/22 25/10/2022 ,Chilled,
,"NO:107/1A1B, INDRA NAGAR, SIVABOOTHAM VILLAGE, ",email: info@kathijaimpex.com Web: www.kathijaimpex.com,24-10-2025,,
,"VANVANAGARAM, ",,,,
,THIRUVALLUR DIST ,,,,
,"CHENNAI-600095, Tamil Nadu",,,,
20,KKP SEA FOODS EXPORTS(PVT )LTD ,Ph: 27487705 ,TN1/ME/352/13 18/12/2013 ,Frozen,
,"No.27,Wooster Nagar, ",email: kkp_exports@rediffmail.com,16-12-2022,,
,"Pudupattinam,Kalpakkam Post, ",,,,
,"Kancheepuram Dist-603102, Tamil Nadu",,,,
21,LS MARINE FOODS ,Ph: 8807033395 ,TN1/ME/622/22 18/04/2022 ,Live other than ornamental fish,Live other than ornamental fish:Crab(live mud crab)
,"FIRST FLOOR NO,1/150, ",email: lsmarinefoods@gmail.com,17-04-2025,,
,"PILLAYAR KOIL STREET, ",,,,
,"INJAMBAKKAM,CHENNAI, ",,,,
,"CHENGALPATTU,TAMIL ",,,,
,"NADU,600115/600115, Tamil Nadu",,,,
22,M.D.M ENTERPRISES ,Ph: 8122204884 ,TN1/ME/613/22 10/01/2022 ,Live other than ornamental fish,Live other than ornamental fish:Crab(Live Blood clam)
,"1ST FLOOR, NO.68/08 MOSQUE JAMATH ",email: mdmenterprisesdevi@gmail.com Web: NA,09-01-2025,,
,"GODOWN STREET,FLOOR ",,,,
,"BAZAR, ",,,,
,"CHENNAI/600001, Tamil Nadu",,,,
23,"M/S. A L M TRADING COMPANY, No.1, Ya Hussain Thaikkal Street, Nagore-611 002.",email: maamoontrd@yahoo.com,TN1/ME/175/07 13/03/2007 ,Others-Non Edible,Others-Non Edible:Operculum of Non-Restricted Species(Sea Shell)
,"Nagapattinam Dist., Tamil Nadu",,31-12-2023,,
24,M/S. LSF SEA FOODS ,Ph: 9962925789 ,TN1/ME/618/22 15/03/2022 ,Chilled,"Chilled:Shrimp Wild(Chilled: Chilled Shrimp prawn,chilled sea tiger)"
,"B2. 5/1, Thiruvenkada Nagar ",email: lsfseafoods@gmail.com Web: www.lsfseafoods.com,14-03-2025,,
,Ambattur ,,,,
,"Kanchipuram,Chennai/600053, Tamil Nadu",,,,
25,"M/S.B M R EXPORTS, ",Ph: 24661082 ,TN1/ME/133/05 05/08/2005 ,Frozen,"Frozen:Shrimp Aquaculture(Raw Head On shell On shrimps,Raw Head less shell on shrimps - Block /IQF,Raw PD Tail On/off shrimps - IQF,Raw Ezpl Shrimps - IQF,Raw stretched PDTO shrimps - Nobashi,Raw Peeled un deveined shrimps -Block,Raw Peeled Deveined Tail Off Shrimps -"
,"Flat S-10, TNHB Complex, 180, Luz Chruch Road MYlapore,Chennai-4., Tamil Nadu",email: bmrexp@gmail.com,02-08-2023,,"Block,Raw Butterfly shrimps - IQF,Cooked PD tail On /off shrimps - IQF,Cooked EZPL shrimps - IQF) "
,,,,,
26,M/S.BLUE MARINE HOUSE PVT LTD ,email: mithun.blumarinehouse.in@gmail.com,TN1/ME/233/09 08/10/2009 ,Chilled,"Chilled:Fish Wild(Chilled: Coral trout , "
,"F1,Skyline Castle ",,04-10-2024,,"Emperor bream,Red mullet , Plain "
,"27,Abdul Razack street, Saidapet Chennai-600 015, Tamil Nadu",,,,"Grouper,,brown spotted Grouper , Red "
,,,,,"Snapper,Job Fish, Silver pomfret, Chilled Shrimp,chilled mahi mahi, chilled yellow fin tuna,seer fish, silver silago, blue crab,parrot fish, ribbon fish, white squid)"
27,M/S.JAI RAMSIKOGUL CORPORATION ,Ph: 0431-2414627 ,TN1/ME/159/06 21/06/2006 ,Others-Non Edible,
,"9-B/1, Birds Road, ",email: jairamsikogu@satyam.net.in,31-12-2024,,
,"Cantonment, ",,,,
,"Trichy-620001., Tamil Nadu",,,,
28,"M/S.K V M EXPORTS (P) LTD 61, Venkatesa Street, ",email: kvmarine@hotmail.com,TN1/ME/098/05 16/03/2005 ,Frozen,Frozen:Shrimp Wild(Head-on Sea White 
,"Chintadripet, ",,14-03-2026,,"Shrimps (Block & IQF) E,Head-on Flower Shrimps (Block & IQF) E,Head-on Sea Tiger Shrimps (Block & IQF) E,Head-Less Sea White Shrimps (Block & IQF),Head-Less Sea Tiger Shrimps (Block & IQF),Head-Less Flower Shrimps (Block & IQF),Head-Less Bamboo Shrimps (Block & IQF),Head-Less Pink Shrimps (Block & IQF),Head-Less "
,"Chennai-600 002, Tamil Nadu",,,,"Brown Shrimps (Block & IQF),Head-Less Poovalan Shrimps (Block & IQF),Head-Less Deep Sea Shrimps (Block & IQF),Head-Less Red Ring Shrimps (Block & IQF),PUD "
,,,,,"White Shirimps (Block & IQF),PUD Flower Shirimps (Block & IQF),PUD Pink Shirimps (Block & IQF),PUD Sea Tiger Shirimps "
,,,,,"(Block & IQF),PUD Poovalan Shirimps "
,,,,,"(Block & IQF),PUD Karikkadi Shirimps "
,,,,,"(Block & IQF),PUD Red Ring Shirimps "
,,,,,"(Block),PUD Deep Sea Shrimps (Block),PD White Shrimps (Block & IQF),PD Flower Shrimps (Block & IQF),PD Sea Tiger "
,,,,,"Shrimps (Block & IQF),PD Pink Shrimps (Block & IQF),PD Brown Shrimps (Block & IQF),PD Shrimps (General) Block,PUD "
,,,,,"Shrimps (General) Block,PD Shrimps Broken (General) Block,PUD Shrimps Broken "
,,,,,(General) Block) 
,,,,,Frozen:Shrimp Aquaculture(Head-on 
,,,,,"Vannamei Shrimps (IQF & Block),Head-on Black Tiger Shrimps (IQF & Block),Head-Less Vannamei Shrimps (IQF & "
,,,,,"Block),Head-Less Black Tiger Shrimps (IQF & Block),PUD Vannamei Shrimps "
,,,,,"(Block),PUD Black Tiger Shrimps "
,,,,,"(Block),PD Vannamei Shrimps (IQF & "
,,,,,"Block),PD Black Tiger Shrimps (IQF & "
,,,,,Block)) 
,,,,,"Frozen:Cuttlefish(Cuttlefish Whole Cleaned (IQF & Block),Cuttlefish Whole Round (IQF & Block),Baby Cuttlefish (IQF & Block)) Frozen:Squid(Squid Whole Cleaned (IQF & Block),Squid Whole Round (IQF & "
,,,,,"Block),Squid Tube (IQF & Block),Squid "
,,,,,"Fillet (IQF & Block),Squid Tentacles (IQF & Block),Thondi Squid Whole Round (IQF & Block),Thondi Squid Whole Cleaned (IQF & Block),Needle Squid,Semi Needle Squid)"
29,"M/S.N N K MARINE EXPORTS, NO.12/29 VP COLONY,NORTH STREET ",Ph: 26740067 ,TN1/ME/152/06 29/03/2006 ,Frozen ,Frozen:Shrimp Wild(FROZEN RAW 
,AYANAVARAM ,email: info@nnkmarine.com,12-03-2024,Chilled,HEALDELSS SHELLON WHITE 
,"Chennai/600023, Tamil Nadu",,,,SHRIMPS) 
,,,,,Frozen:Shrimp Aquaculture(FROZEN RAW HEADLESS SHELLON VANNAMEI 
,,,,,"SHRIMPS BLOCK,FROZEN RAW "
,,,,,HEADON SHELLON VANNAMEI 
,,,,,"SHRIMPS,BLACK TIGER) "
,,,,,Chilled:Fish Wild(CHILLED 
,,,,,"REEFCOD,CHILLED SEER "
,,,,,"FISH,CHILLED POMFRET,CHILLED RED SNAPPER,CHILLED GROUPER,CHILLED ANCHOVY,CHILLED "
,,,,,"MACKEREL,CHILLED SARDINE) "
,,,,,Chilled:Fish Aquaculture(CHILLED 
,,,,,"ROHU,CHILLED SEA BREAM,CHILLED SEA BASS,CHILLED KATLA) "
,,,,,Chilled:Cuttlefish(CHILLED CUTTLEFISH) Chilled:Squid(CHILLED SQUID) 
,,,,,Chilled:Lobster(CHILLED LOBSTER)
,,,,,
,,,,,
,,,,,
,,,,,
,,,,,
30,MARK SRI EXPORTS ,Ph: 7010176727 ,TN1/ME/619/22,Live other than ornamental fish,
,"NO:1/298, PERIYAR ROAD 4th CROSS STREET, ",email: marksriexports@gmail.com,,,
,"ENJAMBAKKAM/600115, Tamil Nadu",,,,
31,MNM SEA FOODS ,Ph: 9444050077 ,TN1/ME/474/17 09/02/2017 ,Live other than ornamental fish,Live other than ornamental fish:Crab(Crab(Mud Crab))
,"OLD NO.11/1, NEW NO.25, ",email: mnmseafoods@gmail.com,07-02-2023,,
,VENKATESA GRAMANI ,,,,
,"STREET, CHINTADRIPET, ",,,,
,"CHENNAI/600002, Tamil Nadu",,,,
32,MSA SEA FOODS ,Ph: 8072269431 ,TN1/ME/616/22 23/02/2022 ,Frozen,
,"61/30, ROYES TOWER, KASI GARDEN ",email: msaseafood123@gmail.com Web: www.peterpaulseafood.com,22-02-2025,,
,"2ND STREET, KASIMEDU, ROYAPURAM ",,,,
,"CHENNAI/600013, Tamil Nadu",,,,
33,NATURAL SEAFOOD NETWORK NO 12/14 PADAVETTAMMAN ,Ph: 9940335458 ,TN1/ME/503/17 09/11/2017 ,Live other than ornamental fish,"Live other than ornamental fish:Crab(live mud crab, live baigai)"
,KOIL STREET ,email: naturalseanetcen@gmail.com Web: NA,08-11-2023,,
,CHINTADRIPET ,,,,
,"CHENNAI/600002, Tamil Nadu",,,,
34,NNK MARINE EXPORTS PVT LTD GROUND FLOOR NO.12/29 VP ,Ph: 04426740067 ,TN1/ME/524/18 19/03/2018 ,Frozen ,Frozen:Shrimp Wild(CHILLED 
,COLONY ,email: info@nnkmarine.com Web: www.nnkmarine.com,18-03-2024,Chilled,"SEAWHITE,CHILLED SEA BLACK "
,"NORTH STREET AYANAVARAM CHENNAI/600023, Tamil Nadu",,,,TIGER) 
,,,,,Frozen:Shrimp Aquaculture(FROZEN RAW HEADLESS SHELLON VANNAMEI 
,,,,,"SHRIMPS BLOCK,FROZEN RAW "
,,,,,HEADON SHELLON VANNAMEI 
,,,,,SHRIMPS) 
,,,,,Chilled:Fish Wild(CHILLED 
,,,,,"REEFCOD,CHILLED SEER "
,,,,,"FISH,CHILLED POMFRET,CHILLED RED SNAPPER,CHILLED GROUPER,CHILLED ANCHOVY,CHILLED MACKEREL) "
,,,,,"Chilled:Fish Aquaculture(CHILLED SEA BASS,CHILLED SEA BREAM,CHILLED ROHU,CHILLED KATLA) "
,,,,,Chilled:Shrimp Aquaculture(CHILLED 
,,,,,PRAWNS)
35,OCEAN PEARL EXPORTS ,Ph: 04426650991 ,TN1/ME/526/18 28/03/2018 ,Chilled,
,PRIVATE LIMITED ,email: oceanpearlexports16@gmail.com Web: -,27-03-2024,,
,"Shop No.5, Ground Floor, Alsa ",,,,
,"Tower, ",,,,
,"No.186/187, Poonamalle High Road, Kilpauk, Chennai/600010, Tamil ",,,,
,Nadu,,,,
36,"PEKAYES SEAFOOD EXPORTS NEW No.214, OLD No.104/2, ",Ph: 04425975350 ,TN1/ME/560/19 28/05/2019 ,Frozen ,"Frozen:Cuttlefish(CUTTLE FISH WHOLE CLEANED,CUTTLE FISH WHOLE,BABY CUTTLEFISH WHOLE,CUTTLE FISH ROE) "
,"G.A. ROAD, ",email: pekayesseafood@gmail.com,27-05-2025,Chilled,Frozen:Octopus(OCTOPUS WHOLE 
,"OLD WASHERMANPET/600021, Tamil Nadu",,,,"CLEANED,OCTOPUS WHOLE) "
,,,,,Frozen:Lobster(SAND LOBSTER WHOLE)
37,PONDICHERRY EXPORTS ,Ph: 04132225358 ,TN1/ME/547/18 06/12/2018 ,Others-Non Edible,
,No.56 ,email: pondicherryexports@gmail.com,05-12-2024,,
,Eswaran Koil Street ,,,,
,"Puducherry/605001, Puducherry",,,,
38,R.S.E.SEA FOODS ,Ph: 7200767702 ,TN1/ME/448/16 13/06/2016 ,Live other than ornamental fish,Live other than ornamental fish:Crab(live mud crab)
,"NO:21/43, KALAVAI STREET CHINTADRIPET ",email: rseseafoods7200@gmail.com Web: na,12-06-2025,,
,"CHENNAI/600002, Tamil Nadu",,,,
39,S & S TRADING COMPANY ,Ph: 9840999149 ,TN1/ME/612/21 30/12/2021 ,Frozen,
,"GROUND FLOOR, 45 GIRIAPPA ROAD, ",email: sstradingbaskar@gmail.com,29-12-2024,,
,"T.NAGAR, ",,,,
,"CHENNAI/600017, Tamil Nadu",,,,
40,SHARAN PRIYA SEA FOODS ,Ph: 04428454678 ,TN1/ME/562/19 26/06/2019 ,Live other than ornamental fish,Live other than ornamental fish:Crab(Live Mud Crab)
,"NEW NO.35, OLD NO.15, ",email: priyamoorthy14@gmail.com,25-06-2025,,
,"VENKATESA GRAMANI STREET, CHINTADRIPET-600002, Tamil ",,,,
,Nadu,,,,
41,SK SEA SCAPE PVT LTD ,Ph: 9790067867 ,TN1/ME/609/21 15/11/2021 ,Dried,
,"B1-Green Centaur Apartments, 7A/4, Cenotaph Road, Ist Street, Alwarpet,Chennai-600 018, Tamil Nadu",email: vatsk@yahoo.com,14-11-2024,,
42,"SKY MOON SEA FOODS No:20/77, Venkatesan Street Chintadripet ",Ph: 9444144711 ,TN1/ME/543/18 29/10/2018 ,Live other than ornamental fish,Live other than ornamental fish:Crab(Crab(Mud Crab))
,"600002, Tamil Nadu",email: satheeshck67@gmail.com,28-10-2024,,
““,,,,,
,,,,,
,,,,,
,,,,,
43,"SRI SARAVANA AGENCY NO:11/2,SINGANACHETTY",Ph: 0,TN1/ME/608/21,Live other than ornamental fish,"Live other than ornamental fish:Crab(live mud crab, blood clam,)"
,STREET ,email: ssagency09@gmail.com Web: NIL,03/11/2021 02/11/2024,,
,"1ST LANE, CHINDATRIPET CHENNAI/600002, Tamil Nadu",,,,
44,SRI SRI BALAJI SEA FOOD 164/18 ,Ph: 8939436999 ,TN1/ME/569/19 27/09/2019 ,Live other than ornamental fish,Live other than ornamental fish:Crab(live mud crab)
,"SWAMI NAICKEN STREET CHINTADRIPET/600002, Tamil Nadu",email: srisribalajiseafood@gmail.com,26-09-2025,,
45,STPL IMPEX ,Ph: 9444004737 ,TN1/ME/626/22 22/06/2022 ,Live other than ornamental fish,
,"New No.36, Nainiappa Street, Chintadripet, ",email: stplimpex@gmail.com,21-06-2025,,
,"Chennai-600 002, Tamil Nadu",,,,
46,SULU EXPORTS ,Ph: 04428454014 ,TN1/ME/598/21 29/03/2021 ,Live other than ornamental fish Chilled,
,"NO 16,DHARMARAJA KOIL STREET ",email: info@suluexports.com,28-03-2024,,
,"CHINTADRIPET,CHENNAI 600002, Tamil Nadu",,,,
47,SVM SEA FOODS ,Ph: 9043015932 ,TN1/ME/596/21 17/02/2021 ,Live other than ornamental fish,
,08 BAZAAR STREET ,email: svmseafoods2020@gmail.com,16-02-2024,,
,CHINTADRIPET ,,,,
,"Chennai-600002, Tamil Nadu",,,,
48,SWASTH SEAFOODS ,Ph: 9894672723 ,TN1/ME/627/22 28/06/2022 ,Chilled,
,"42, MOTHILAL STREET, ",email: s_kandaswamy@hotmail.com,27-06-2025,,
,T NAGAR ,,,,
,"CHENNAI/600017, Tamil Nadu",,,,
49,THIRUPATHI THIRUMALA ,Ph: 9840130650 ,TN1/ME/459/16 21/07/2016 ,Live other than ornamental fish,Live other than ornamental fish:Crab(mud crab)
,ENTERPRISES ,email: thamaraimourthi121275@gmail.com Web: NA,20-07-2025,,
,NO: 1/19 ,,,,
,"KVM STREET, CHINTADRIPET CHENNAI/600002, Tamil Nadu",,,,
50,V.R.S.SEA FOODS ,Ph: 04422323139 ,TN1/ME/490/17 24/07/2017 ,Live other than ornamental fish,Live other than ornamental fish:Crab(MUD CRAB)
,OLD NO.14/1 NEW NO.48 ,email: vrsseafoods.2017@gmail.com Web: NIL,23-07-2023,,
,"PARTHASARATHI STREET PULYANTHOPE/600012, Tamil Nadu",,,,
51,"VENKATESWARA SEA FOODS 15/6, SINGANA CHETTY STREET CHINTADRIPET ",Ph: 9789056558 ,TN1/ME/559/19 27/05/2019 ,Live other than ornamental fish,Live other than ornamental fish:Crab(MUD CRAB)
,"/600002, Tamil Nadu",email: ,25-05-2025,,
,,VENKATESHWARASEAFOODS5@GMAIL.COM,,,
52,VINNER MARINE ,Ph: 04442182576 ,TN1/ME/582/20 17/06/2020 ,Frozen,"Frozen:Shrimp Aquaculture(Frozen Headless Shellon Vannamei IQF Shrimp,Frozen "
,"NO.9/5, FLAT NO.S-1 ",email: vinnermarine2019@gmail.com,16-06-2023,,Headless Shellon Vannamei Block 
,"IIND FLOOR, SEETHA NAGAR 1ST STREET ",,,,"Shrimp,Frozen Raw Peeled & Deveined Tail on Vannamei IQF,Frozen Raw Peeled & "
,"NUNGAMBAKKAM, Chennai-600034, Tamil Nadu",,,,"Deveined Tail off Vannamei IQF,Frozen "
,,,,,Headless Shellon Easy Peel Vannamei IQF)
53,VTH EXPORTS ,Ph: 04448502078 ,TN1/ME/537/18 19/09/2018 ,Live other than ornamental fish Chilled,"Live other than ornamental fish:Crab(LIVE MUD CRABS,CHILLED)"
,"E1/82-1, 15TH STREET, ",email: sairagavebr@gmail.com,18-09-2024,,
,"JAGANATHAN SALAI, ",,,,
,"PERIYAR NAGAR, ",,,,
,"CHENNAI/600082, Tamil Nadu",,,,
54,YASH EXPORTS ,Ph: 9500146503 ,TN1/ME/599/21 01/04/2021 ,Dried,Dried:Salted Jelly Fish(SALTED JELLYFISH LEG)
,"NO.B2, RAJALAKSHMI COMPLEX ",email: jothiyeshvi@gmail.com,31-03-2024,,
,"NO.18,CHAMIERS ROAD.",,,,
,"NANDANAM,CHENNAI-600035, Tamil Nadu",,,,
55,AGS MARINE EXPORTS ,Ph: 9444058235 ,TN1/MT/614/22 03/02/2022 ,Chilled,"Chilled:Fish Wild(Grouper:Tomato, Parrot Fish, Anchovy Fish,,Seer Fish,Pearl "
,"NO 47/86, VENKATASA STREET CHINTADARIPET ",email: agsmarineexport@gmail.com,02-02-2025,,"Spot,Emperor Fish,Sardine Fish, Red "
,"CHENNAI/600002, Tamil Nadu",,,,"Snapper,,Mackerel,Silver Pomfret, White Pomfret,Black Pomfret,Coral trout, Sea white prawns,,Sea Tiger prawn,Sea Flower prawns) Chilled:Cuttlefish(Cuttlefish) "
,,,,,Chilled:Squid(Squid)
56,AQUAGENFOOD EXPORTS PVT LTD ,Ph: 9445609259 ,TN1/MT/617/22 14/03/2022 ,Live other than ornamental fish,
,"NO: 20/50, KOYA ARUNAGIRI 1ST STREET ",email: ,13-03-2025,,
,ROYAPETTAH ,AQUAGENFOODEXPORTS@GMAIL.COM,,,
,"CHENNAI 600014/, Tamil Nadu",,,,
,,,,,
,,,,,
,,,,,
,"ARSHA SEAFOOD EXPORTS 4/364, Anna Road, ",Ph: 04443855404 ,TN1/MT/499/17 20/09/2017 ,Frozen,
57,"Palavakkam, ",email: arshaseafoodexports@gmail.com,19-09-2023,,Frozen:Shrimp Aquaculture(FROZEN HLSO VANNAMEI) 
,"Chennai./600041, Tamil Nadu",,,,Frozen:Cuttlefish(FROZEN WHOLE 
,,,,,"CLEANED CUTTLEFISH,FROZEN "
,,,,,WHOLE CLEANED CUTTLEFISH 
,,,,,"IQF,FROZEN CLEANED CUTTLEFISH CUTS IQF,FROZEN CUTTLEFISH "
,,,,,"FILLETS IQF,FROZEN CUTTLEISH"
,,,,,"TENTACLES IQF,FROZEN CHOPPED "
,,,,,"CUTTLEFISH -IQF,FROZEN "
,,,,,"CUTTLEFISH SKEWER IQF,FROZEN "
,,,,,"CUTTLEFISH ROE IQF,FROZEN "
,,,,,"CUTTLEFISH WINGS IQF,FROZEN "
,,,,,"WHOLE CLEANED CUTTLEFISH IQF -IWP,FROZEN WHOLE CLEANED "
,,,,,"CUTTLEFISHIQF-IWP SHRINK WRAP) Frozen:Squid(FROZEN CLEANED SQUID TUBES,FROZEN SQUID TUBES,FROZEN SQUID TENTACLES,FROZEN SQUID "
,,,,,"TUBES & TENTACLES,FROZEN SQUID WHOLE,FROZEN SQUID WHOLE "
,,,,,"IQF,FROZEN STUFFED SQUID "
,,,,,"IQF,FROZEN SQUID CUTS -IQF,FROZEN WHOLE CLEANED SQUIDS,FROZEN CLEANED SQUID CUTS - IQF,FROZEN WHOLE CLEANED SQUIDS (TRAY "
,,,,,PACK)) 
,,,,,Frozen:Octopus(FROZEN CLEANED 
,,,,,"OCTOPUS IQF,FROZEN BABY OCTOPUS BLOCK,FROZEN CLEANED OCTOPUS BLOCK) "
,,,,,Frozen:Lobster(FROZEN SAND LOBSTER IQF-IWP)
58,ASHWATHY GREEN ENTERPRISE PVT LIMITED ,Ph: 09445463344 ,TN1/MT/533/18 14/06/2018 ,Others-Non Edible,Others-Non Edible:Sea Weed (Non-Edible) (Sea weed Fertilizer)
,"No-207, Nageswara Rao ,III ",email: baskaran261964@gmail.com Web: www.go4organics.com,13-06-2024,,
,"cross,Athipet ",,,,
,"Athipet Industrial Estate,Ambattur Chennai/600058, Tamil Nadu",,,,
59,BING FENG EXPORTS ,email: bingfengexports77@gmail.com,TN1/MT/388/14 03/12/2014 ,Live other than ornamental fish,Live other than ornamental fish:Crab(MUD CRAB)
,"NO.1/1295-F, 3RD STREET, ",,02-12-2023,,
,"BETHEL NAGAR,INJAMBAKKAM CHENNAI-600 115, Tamil Nadu",,,,
60,"BISMI FISHERIES (P) LIMITED R.S.NO,738/1B, THODUVAI MAIN ROAD, ",Ph: 04364224967 ,TN1/MT/449/16 13/06/2016 ,Others-Non Edible,"Others-Non Edible:Fish Meals (Non-Edible) (FISH MEAL, FISH OIL, FISH PASTE (non edible))"
,"THIRUMULLAIVASAL, SIRKALI TALUK ",email: bismiaqua@gmail.com,12-06-2022,,
,"/609113, Tamil Nadu",,,,
61,BMR INDUSTRIES(P) LTD ,Ph: 24352105 ,TN1/MT/382/14 28/10/2014 ,Frozen,
,"S-10, TNHB COMPLEX, ",email: bmrexp@gmail.com,27-10-2017,,
,"180, LUZ CHURCH ROAD ",,,,
,"MYLAPORE ,CHENNAI-600 004., Tamil Nadu",,,,
62,CHOICE TRADING ,Ph: 9585522561 ,TN1/MT/422/15 14/09/2015 ,Frozen,Frozen:Shrimp Aquaculture(FROZEN 
,CORPORATION PRIVATE ,email: admin@choicegroup.in,18-05-2023,,"COOKED PEELED & DEVEINED T ON SHRIMP,FROZEN RAW EZPL DEVEINED T ON SHRIMP IQF,FROZEN COOKED SHRIMP RING WITH COCKTAIL SAUCE)"
,LIMITED ,,,,
,"No.302, AKSHAYA SHANTHI, ",,,,
,"THIRD FLOOR, ",,,,
,"NO.27/44, ANNA SALAI, MOUNT ROAD, ",,,,
,"TRIPLICANE, CHENNAI, TAMIL NADU 600002, Tamil Nadu",,,,
63,CPF (INDIA) PRIVATE LTD ,Ph: 26419465 ,TN1/MT/273/11 08/04/2011 ,Frozen ,
,"40, 2ND STREET, IST FLOOR, F2, SPARTAN NAGAR, ",email: punith.apr03@gmail.com Web: www.mycpindia.com,05-04-2023,Dried,
,"MOGAPPAIR EAST, ",,,,
,"Chennai-600 037/600 037, Tamil Nadu",,,,
64,EASTERN RED RUBY FOOD PVT LTD.,Ph: 04424765140 ,TN1/MT/446/16 23/05/2016 ,Dried,"Dried:Dried Fish(SEENI SAMBOL,ONION MALDIVE FRY,ONION SPRATS "
,"3A, 4TH STREET, GANESH ",email: INFO@IMFRFOOD.COM Web: WWW.IMFRFOOD.COM,22-05-2025,,"FRY,MALDIVE DRY FISH,SPRATS DRY FISH)"
,"NAGAR, ",,,,
,"G.K INDUSTRIAL ESTATE, ",,,,
,ALAPPAKKAM ,,,,
,"PORUR, CHENNAI/600116, Tamil Nadu",,,,
65,GOSSAMER TRADING (INDIA) PRIVATE LIMITED ,Ph: 8939120974 ,TN1/MT/606/21 11/10/2021 ,Others-Non Edible,Others-Non Edible:Sea 
,NO 66/226 ANGAPPAN NAICKAN ST ,email: info.ggtipl@gmail.com,10-10-2024,,Shells(OPERCULLUM) 
,MANNADY ,,,,Others-Non Edible:Polished Sea Shell(COWRIE)
,"CHENNAI/600001, Tamil Nadu",,,,
66,GROBEST FEEDS CORPORATION (I) PVT LTD ,Ph: 04425651813 ,TN1/MT/456/16 29/06/2016 ,Others-Non Edible,
,"25/1A,1B GROBEST TOWER ",email: grobestin@hotmail.com,28-06-2025,,
,PERAMBUR REDHILLS HIGH ,,,,
,ROAD KATHIRVEDU ,,,,
,VINAYAGAPURAM ,,,,
,"Chennai/600099, Tamil Nadu",,,,
,,,,,
,,,,,
,,,,,
 ,,,,,
67,GVD INTERNATIONAL ,Ph: 24501574 ,TN1/MT/298/12 23/01/2012 ,Dried ,Dried:Dried Fish(DRIED FISH 
,"No.7,SV Ekambara Naicker Street Sholinganallur ",email: gvdinternational@yahoo.com,21-01-2024,Chilled,"MAWS,DRIED STING RAY,DRIED SHARKS,DRIED FISHES) "
,"Chennai-600 119., Tamil Nadu",,,,Chilled:Fish Wild(CHILLED 
,,,,,"BAIGAI,CHILLED CRAB,CHILLED SHRIMPS,CHILLED "
,,,,,"CEPHALOPODS,ANCHOVY,TUNA SPP,MACKEREL,SARDINE,SEER FISH,REEF COD,RED "
,,,,,"SNAPPER,GROUPER FISH,RIBBON FISH,WHITE POMFRET,BLACK "
,,,,,"POMFRET,CARP,SEA BASS,SWORD FISH)"
68,H.K ENTERPRISES ,Ph: 9500084323 ,TN1/MT/640/22 09/12/2022 ,Dried ,
,"5/738, VELU STREET, MBT ROAD BHARATHI NAGAR, RANIPET /632401, Tamil Nadu",email: hamidleather@gmail.com,08-12-2025,Others-Edible,
69,HAKITA FEEDS PRIVATE ,Ph: 09840593169 ,TN1/MT/635/22 26/09/2022 ,Others-Non Edible,
,LIMITED ,email: hakita2008@gmail.com,25-09-2025,,
,"DOOR NO.9/1, VIJAYALAKSHMI NAGAR ",,,,
,"KOLATHUR, ",,,,
,"CHENNAI/600099, Tamil Nadu",,,,
70,HYSON EXPORTS PRIVATE ,Ph: 08623297005 ,TN1/MT/346/13 13/11/2013 ,Frozen,Frozen:Shrimp Aquaculture(FROZEN 
,LIMITED ,email: hysonqa@gmail.com,11-11-2025,,VANNAMEI SHRIMPS HEADON 
,"FLAT NO.F2, KALYANIS PALS COURT,NO.42/43, ",,,,"SHELLON,FROZEN HEADLESS SHELL ON VANNAMEI SHRIMPS-"
,"GANDHI ROAD, ",,,,"BLOCK,FROZEN RAW PD VANNAMEI SHRIMPS IQF,RAW FROZEN PVPD "
,ALWARTHIRUNAGAR ,,,,"VANNAMEI SHRIMPS-IQF,FROZEN RAW BUTTER ROUND TAIL ON VANNAMEI SHRIMP,FROZEN RAW PDTO SKEWERS VANNAMEI SHRIMP IQF,FROZEN "
,"CHENNAI-600087./600087, Tamil Nadu",,,,"BLANCHED PD VANNAMEI SHRIMPS IQF,FROZEN BLANCHED PDTO "
,,,,,"VANNAMEI SHRIMPS IQF,FROZEN RAW HEADLESS EZPL VANNAMEI SHRIMPS IQF,FROZEN HL EZPL VANNAMEI "
,,,,,"SHRIMPS-BLOCK,FROZEN HEAD ON VANNAMEI SHRIMPS-SEMI-"
,,,,,"IQF,FROZEN PD VANNAMEI SHRIMPS –BLOCK,FRESH FROZEN RAW PDTO "
,,,,,VANNAMEI SHRIMP IQF)
71,IFAAWIN MARINE EXPORT INDIA PVT.LTD ,Ph: 9380034535 ,TN1/MT/509/17 04/12/2017 ,Chilled,Chilled:Fish 
,30/1 & 30/3A ,email: ifaawinmarineexport@gmail.com,03-12-2023,,"Wild(SEERFISH,GROUPER,POMFRET 300 GMS UP ONLY,SEA WHITE "
,"ELLAPURAM BLOCK, ",,,,"PRAWNS,ANCHOVY,SAND "
,KOTTAKUPPAM VILLAGE ,,,,"LOBSTER,SQUID,CUTTLE FISH,INDIAN MACKEREL,SARDINE)"
,"UTHUKOTTAI TALUK/601102, Tamil Nadu",,,,
72,INFINITE BIOSCIENCE ,Ph: 7708497444 ,TN1/MT/497/17 04/09/2017 ,Others-Non Edible,
,S.F. NO 264 ,email: infinitebioscience@hotmail.com,03-09-2023,,
,"BAKKALAPALLI, ",,,,
,CHINNADHAMAL CHERU ,,,,
,"PERNAMBUT 635810/, Tamil Nadu",,,,
73,"JACKVIN SEA FOODS No.1,Rope Street ",email: jackvinseafoods@gmail.com,TN1/MT/339/13 03/09/2013 ,Live other than ornamental fish,"Live other than ornamental fish:Crab(live mud crab , live baigai, live blood clam,live lobster, Live eel fish)"
,"Cuddalore OT, Tamil Nadu",,02-09-2025,,
74,JPH SEA FOOD EXPORT ,Ph: 09952900000 ,TN1/MT/507/17 27/11/2017 ,Live other than ornamental fish,
,CHINDATARIPET ,email: ,26-11-2023,,
,"IV, Tiruvallur Taluk & District ",JPHSEAFOODEXPORTCHENNAI@GMAIL.COM,,,
,"Tamilnadu-602024/600002, Tamil Nadu",,,,
75,JS MARINE EXPORT ,Ph: 9600015312 ,TN1/MT/591/21 12/01/2021 ,Live other than ornamental fish,Live other than ornamental fish:Fish 
,"NEW NO 53,OLD NO 15/2 KANAKKAR STREET ",email: jsmarineexport2000@gmail.com,11-01-2024,,Aquaculture(LIVE FRESH WATER 
,TONDIARPET ,,,,EEL(Anguilla anguilla)) 
,Chennai ,,,,Live other than ornamental 
,"600081, Tamil Nadu",,,,fish:Bivalves(LIVE BAIGAI(Babylonia 
,,,,,"spp.),LIVE BLOOD CLAM(Anadara "
,,,,,"granosa),LIVE HORN "
,,,,,"SHELL(Potamididae),LIVE INDIAN "
,,,,,"VOLUTE(Melo melo),LIVE CHANNELED WHELK(Busycotypus canaliculatus)) "
,,,,,Live other than ornamental 
,,,,,fish:Lobster(LIVE ROCK LOBSTER 
,,,,,"(Panulirushomarus,P.ornatus etc)) "
,,,,,Live other than ornamental fish:Crab(LIVE MUD CRAB (Scylla serrata))
,,,,,
,,,,,
,,,,,
,KING MARINE EXPORTS,Ph: 07299446417 ,TN1/MT/629/22 18/08/2022 ,Chilled,
76,"No.36/1, Shakthi Flats, 1 A, Sooramal Street, ",email: mail.kmesefoods@gmail.com,17-08-2025,,"Chilled:Fish Wild(king fish / seer fish , white pomfret,chinese pomfret, black pomfret,black dot grouper, brown dot grouper,tomato "
,"Egmore, ",,,,"grouper , grouper, parrot fish,ladyfish / sand whitening, sardine,indian mackeral, coral trout fish) "
,"Chennai/600008, Tamil Nadu",,,,"Chilled:Shrimp Wild(sea tiger prawns , flower prawn,sea white prawn, black tiger prawns,,vennami prawns,) "
,,,,,Chilled:Cuttlefish(cuttle fish) 
,,,,,Chilled:Squid(squid) 
,,,,,Chilled:Octopus(octopus)
77,M D M SEA FOODS ,Ph: 8122204884 ,TN1/MT/454/16 22/06/2016 ,Live other than ornamental fish,Live other than ornamental 
,"NO.15/35, VENKATESA STREET, CHINTADRIPET, ",email: mdmseafoods@gmail.com,20-06-2025,,"fish:Crab(Crab(Mud Crab),Blood Clam)"
,"CHENNAI/600002, Tamil Nadu",,,,
78,M/S BRITTO SEAFOODS EXPORTS PVT LTD ,Ph: 23246170 ,TN1/MT/258/10 21/10/2010 ,Frozen ,"Chilled:Fish Wild(Grouper,Parrot "
,4/1 Balakrishnan Street ,email: brittoseafoodexports@gmail.com,05-07-2025,Canned/Bottled/Retort Pouched Product ,"fish,Emperor fish,White Pomfret fish,Chinese pomfret,Black pomfret,Seer fish,Tomatto grouper,Red snapper,Coral trout,Tuna) "
,Tondiarpet ,,,Chilled,"Chilled:Shrimp Wild(White prawn,Tiger "
,"Chennai-600 081, Tamil Nadu",,,,"prawn,Flower prawn) "
,,,,,Chilled:Cuttlefish(Cuttle fish) 
,,,,,Chilled:Squid(Squid) 
,,,,,Chilled:Octopus(Octopus) 
,,,,,"Chilled:Lobster(Rock lobster,Sand lobster) Chilled:Crab(Blue swimming crab,Mud crab)"
79,M/S. NEELA DEEP SEA ,Ph: 32549769,TN1/MT/249/10 08/06/2010 ,Frozen,
,FISHERIES ,,07-06-2013,,
,"146-B, O.S. Sivasamy Salai, Ist floor, Mylapore ",,,,
,"Chennai-600 004, Tamil Nadu",,,,
80,M/S. SAGAR GRANDHI EXPORTS PVT. LTD ,Ph: 04428453897 ,TN1/MT/199/08 10/07/2008 ,Frozen,Frozen:Shrimp Aquaculture(RAW FROZEN VANNAMEI PEELED & DEVEINED 
,"53, Venkatesan St ",email: gvraccounts@gvrfoodpark.com,14-02-2026,,"SHRIMPS (G2,WHITE RHSO SHRIMP AQUA STAR BRAND,WHITE IQF PD "
,Chintadripet ,,,,TAIL ON SHRIMP AQUA STAR 
,"Chennai-600 002, Tamil Nadu",,,,"BRAND,WHITE IQF QUICK PEEL "
,,,,,"SHRIMP,WHITE IQF PD TAIL OFF "
,,,,,"SHRIMP AQUA STAR BRAND,WHITE CPTO SHRIMP,WHITE CPTL "
,,,,,"SHRIMP,VANNAMEI SHRIMP RAW "
,,,,,"HEADLESS SHELL ON,VANNAMEI "
,,,,,SHRIMP RAW HEADLESS EASY 
,,,,,"PEEL,FROZEN INDIAN ORIGIN "
,,,,,"VANNAMEI CUT PD SHRIMPS,FROZEN IQF VANNAMEI PVPD "
,,,,,"SHRIMPS,VANNAMEI WHITE IQF "
,,,,,"BLANCHED PD SHRIMP,VANNAMEI WHITE BFLY IQF QUICK PEEL "
,,,,,"SHRIMP,FRESH WATER SHRIMP "
,,,,,"HEADLESS EZP SHRIMP,BLACK TIGER HEADLESS SHELL ON SHRIMP,FROZEN VACUUM PACKED RAW IQF CUT AND STRETCHED S,VANNAMEI WHITE "
,,,,,"SHRIMP RING,VANNAMEI WHITE "
,,,,,SHRIMP RAW PEELED CUT 
,,,,,"DEVEINED,COOKED PEELED & "
,,,,,"DEVEINED SHRIMP,COCK TAIL SAUCE FOR VALUE ADDED "
,,,,,"PRODUCTS,VANNAMEI WHITE "
,,,,,"COOKED PD MEDIUM SHRIMP,FROZEN TIGER SHRIMP PD,FROZEN HLSO "
,,,,,"WHITE SHRIMPS,VANNAMEI SHRIMP PND TAIL OFF,FROZEN VACUUM "
,,,,,"PACKED PULLED VEIN PEELED AND DEVEIN,FROZEN RAW IQF PD "
,,,,,"VANNAME SHRIMP,VANNAMEI WHITE COOKED PDTO SHRIMP,BLACK TIGER RHSO SHRIMP,FROZEN BFLY GARLIC HERB SHRIMP,FROZEN BLANCHED PD VANNAMEI SHRIMPS,FROZEN "
,,,,,VANNAMEI PUD BLANCHED SHRIMPS)
81,M/S. WELLCOME FISHERIES LIMITED ,Ph: 28542482 ,TN1/MT/025/04 23/12/2004 ,Frozen,"Frozen:Shrimp Aquaculture(RAW FROZEN HOSO VANNAMEI SHRIMP-IQF,RAW FROZEN HLSO VANNAMEI SHRIMP-IQF,RAW FROZEN PD TAIL ON "
,"G-5. AMAR SINDHUR, ",email: wellcome@wellcomevinner.com Web: www.wellcomevinner.com,16-12-2025,,"VANNAMEI SHRIMP-IQF,RAW FROZEN PD TAIL OFF VANNAMEI SHRIMP -"
,"No. 43, PANTHEON ROAD, EGMORE ",,,,"IQF,RAW FROZEN PD BUTTERFLY TON VANNAMEI SHRIMP-IQF,RAW FROZEN HLSO EASY PEEL VANNAMEI SHRIMP -IQF,RAW FROZEN HLSO VANNAMEI SHRIMP-BLOCK,RAW FROZEN PD TAIL OFF VANNAMEI SHRIMP - BLOCK,RAW FROZEN PD TAIL ON VANNAMEI "
,"CHENNAI/600008, Tamil Nadu",,,,"SHRIMP- BLOCK,RAW FROZEN HLSO EASYPEEL VANNAMEI SHRIMP-"
,,,,,"BLOCK,FROZEN COOKED PDTAIL ON VANNAMEI SHRIMP- IQF,FROZEN COOKED PD TAIL OFF VANNAMEI "
,,,,,"SHRIMP - IQF,FROZEN COOKED HLSO VANNAMEI SHRIMP- IQF,FROZEN "
,,,,,"COOKED HLSO EASY PEEL VANNAMEI SHRIMP - IQF,FROZEN RAW PUD "
,,,,,"VANNAMEI SHRIMPS-IQF,FROZEN RAW PDTOFF ROUND CUT VANNAMEI "
,,,,,SHRIMPS-BLOCK)
,,,,,
,,,,,
,,,,,
,,,,,
82,"M/S.AQUA WORLD EXPORTS (P) LTD., ",Ph: 26245506 ,TN1/MT/217/09 10/06/2009 ,Chilled,Chilled:Fish Wild(SEER 
,"186187, P.H.Road,.",email: Aquaworld@ssify.com,01-05-2024,,"FSIH,MACKEREL,CLAMS "
,"Chennai-600 010., Tamil Nadu",,,,"MEAT,CUTTLE "
,,,,,"FISH,SARDINE,POMFRET "
,,,,,"FISH,LOBSTER "
,,,,,"FISH,PEARLSPOT,SILVER BELLY,LADY FISH,ROOPCHANDA,EMPEROR,PARROT FISH,SILVER CROAKER,SOLE "
,,,,,"FISH,GREEN "
,,,,,"MUSSELS,OYSTER,REEFCOD,RED "
,,,,,"REEFCOD,SAND LOBSTER,RED "
,,,,,"SNAPPER,OCTOPUS,RED "
,,,,,"MULLET,GRAY CLAMS,BOMBAY "
,,,,,"DUCK,TILAPIA,GROUPER "
,,,,,"FISH,CRAB,SQUID) "
,,,,,"Chilled:Fish Aquaculture(PRAWNS,ROHU FSIH,ANCHOVY FISH)"
83,M/S.ARJUNA NATURAL PRIVATE LIMITED ,Ph: 09843745317 ,TN1/MT/423/15 23/09/2015 ,Others-Edible,"Others-Edible:Fish Oil(Edible)(FISH OIL , FISH POWDER)"
,"15/4B,SIRAMBARAYAMPALAYAM ROAD, ",email: cbe@arjunanatural.com Web: www.arjunanatural.com,22-09-2024,,
,SENNAPPACHETTY PUDUR ,,,,
,"POST, ",,,,
,KARUMATHAMPATTY ,,,,
,"(VIA),COIMBATORE-641 ",,,,
,"659/641659, Tamil Nadu",,,,
84,M/S.ASVINI FISHERIES PRIVATE LIMITED ,Ph: 24423317 ,TN1/MT/027/04 29/12/2004 ,Frozen,Frozen:Shrimp Aquaculture(RAW & COOKED -
,"No.3, First Canal Cross Road ",email: asvini@asvini.co.in,25-12-2025,,"HL,EZYPEEL,PD,PDTO,BLANCHED, CURL,,BUTTERFLY,PVPD,-IQF)"
,"Gandhi Nagar, Adyar ",,,,
,"Chennai/600020, Tamil Nadu",,,,
85,M/S.C P AQUACULTURE (I) PVT LTD ,Ph: 26419546 ,TN1/MT/135/05 19/09/2005 ,Dried,Dried:Prawn Feed (Non- Edible)(prawn feed)
,"104, GNT Road,Nallur & ",email: cpaqua@vsnl.net,16-09-2023,,
,"Vijayanallur Village, ",,,,
,"Sholavaram Post,Red Hills, Chenai-67., Tamil Nadu",,,,
86,"M/S.COASTLINE FISHERIES 9, 3rd lane, G A Road, ",Ph: 25955354 ,TN1/MT/131/05 02/08/2005 ,Chilled,
,"Chennai-21., Tamil Nadu",email: brittoseafoodexports@gmail.com,31-07-2023,,
87,"M/S.CRESENT SEA FOOD 24/1/1, Singanna Street, ",Ph: 04442149710 ,TN1/MT/038/05 18/01/2005 ,Live other than ornamental fish,"Live other than ornamental fish:Crab(live mud crab , live baigai, live blood clam)"
,"Chintradripet, ",email: cresentseafood@gmail.com,15-01-2026,,
,"Chennai-600002, Tamil Nadu",,,,
88,"M/S.GOLD MARINE EXPORTS PVT LTD., ",email: info@goldmarine.in,TN1/MT/066/05 10/02/2005 ,Chilled,"Chilled:Fish Wild(chilled rock lobster,chilled prawns,chilled grey clam,chilled skip jack tuna fish,chilled snails,chilled grey "
,"New No.16, Dharmaraja Koil Street, Chintadripet, ",,07-02-2026,,"mullet,chilled mahi mahi)"
,"Chennai-600 002, Tamil Nadu",,,,
,,,,,"Frozen:Fish Wild(INDIAN MACKEREL WHOLE ROUND (IF & IQF),RIBBON "
,,,,,"FISH WHOLE ROUND (IQF, IF & "
,,,,,"Block),While Pomfret (IF & IQF),Black "
,,,,,"Promfret (IF & IQF),Anchovy (Block, IF & IQF)) "
,,,,,Frozen:Shrimp Wild(Head-on Sea White 
,,,,,"Shrimps (Block & IQF),Head-on Flower "
,,,,,"Shrimps (Block & IQF),Head-on Sea Tiger Shrimps (Block & IQF),Head-Less Sea "
,,,,,"White Shrimps (Block & IQF),Head-Less Sea Tiger Shrimps (Block & IQF),Head-Less Flower Shrimps (Block & IQF),Head-Less Pink & Brown Shrimps (Block & IQF),Head-Less Bamboo Shrimps (Block & IQF),Head-Less Poovalan Shrimps (Block & IQF),Head-Less Deep Sea Shrimps (Block),Head-Less Red Ring Shrimps (Block),PUD White "
,,,,,"Shirimps (Block & IQF),PUD Flower "
,,,,,"Shirimps (Block & IQF),PUD Pink Shirimps (Block & IQF),PUD Brown Shirimps (Block & IQF),PUD Sea Tiger Shirimps (Block & IQF),PUD Poovalan Shrimps (Block & "
,,,,,"IQF),PUD Karikkadi Shrimps (Block & "
,,,,,"IQF),PUD Red Ring Shrimps (Block),PUD Deep Sea Shrimps (Block),PD White"
,,,,,
,,,,,
,,Ph: 9444497342 ,TN1/MT/013/04 15/12/2004 ,Frozen ,
89,"M/S.K V MARINE EXPORTS 61, Venkatesa Street, ",email: kvmarine@hotmail.com,09-12-2025,Chilled,"Shrimps (Block & IQF),PD Flower Shrimps (Block & IQF),PD Sea Tiger Shrimps (Block & IQF),PD Pink Shrimps (Block & IQF),PD Brown Shrimps (Block & IQF),PD Shrimps (General) Block,PUD Shrimps (General) "
,"Chintadripet, ",,,,"Block,PD Shrimps Broken (General) "
,"chennai-2., Tamil Nadu",,,,"Block,PUD Shrimps Broken (General) "
,,,,,Block) 
,,,,,Frozen:Shrimp Aquaculture(Head-on 
,,,,,"Vannamei Shrimps (iQF & Block),Head-on Black Tiger Shrimps (IQF & Block),Head-Less Vannamei Shrimps (IQF & "
,,,,,"Block),Head-Less Black Tiger Shrimps (IQF & Block),PUD Vannamei Shrimps "
,,,,,"(Block),PUD Black Tiger Shrimps "
,,,,,"(Block),PD Vannamei Shrimps (IQF & "
,,,,,"Block),PD Black Tiger Shrimps (IQF & "
,,,,,Block)) 
,,,,,"Frozen:Cuttlefish(Cuttlefish Whole Cleaned (IQF & Block),Cuttlefish Whole Round (IQF & Block),Babu Cuttlefish (IQF & Block)) Frozen:Squid(Squid Whole Cleaned (iQF & Block),Squid Whole Round (IQF & "
,,,,,"Block),Squid Tube (IQF & Block),Squid "
,,,,,"Fillet (IQF & Block),Squid Tentacles (IQF & Block),Thondi Squid Whole Round (Block & IQF),Thondi Squid Whole Cleaned (Block & IQF),Needle Squid,Semi Needle Squid) "
,,,,,Frozen:Octopus(Octopus Whole Round 
,,,,,(Block & IQF)) 
,,,,,"Frozen:Lobster(Sand Lobster Whole (IQF, IF & Block),Rock Lobster Whole (IQF, IF & Block)) "
,,,,,Chilled:Shrimp Wild(Head-on Sea White 
,,,,,"Shrimps,Head-on Sea Tiger Shrimps,Head-on Sea Flower Shrimps,Headless Shellon Sea White Shrimps,Headless Shellon Sea Tiger Shrimps,Headless Shellon Flower Shrimps) Chilled:Shrimp Aquaculture(Head-on "
,,,,,"Vannamei Shrimps,Head-on Black Tiger "
,,,,,"Shrimps,Headless Shell-on Vannamei "
,,,,,"Shrimps,Headless Shell-on Black Tiger "
,,,,,Shrimps)
90,"M/S.KANNAN MARINE FOODS 103/2B, V R Pillai Street, ",Ph: 04428454169 ,TN1/MT/190/08 01/02/2008 ,Live other than ornamental fish,Live other than ornamental fish:Fish 
,"ICE House, Triplicane, ",email: kaskan03marine@gmail.com,29-01-2026,,Aquaculture(Live Fresh Water Eel Fish 
,"Chennai-600 005, Tamil Nadu",,,,(Anguilla)) 
,,,,,Live other than ornamental 
,,,,,fish:Bivalves(Live Green Mussel (Perna 
,,,,,"viridis),Live Indian Whelk (Babylonia "
,,,,,"canaliculate),Live Indian Oyster (Crassostrea madrasensis),Live Baigai (Baby "
,,,,,"zeylanica),Live Horn Shell( "
,,,,,"Potamididae),Live Volute ( Melo melo)) "
,,,,,"Live other than ornamental fish:Lobster(Rock Lobster (Panulirus ornatus),Sand Lobster (Thenus orientalis)) "
,,,,,Live other than ornamental fish:Crab(Live Mud Crab (scylla serrata))
91,M/S.KAUSHALYA AQUA MARINE EXPORTS ,Ph: 04442661002 ,TN1/MT/120/06 10/06/2005 ,Frozen,
,OLD NO 72 NEW NO 140 ,email: Kaushalya45@yahoo.co.in Web: NIL,08-06-2023,,
,SWAMI(N) STREET ,,,,
,"Chintadripet, ",,,,
,"Chennai-600 002./600002, Tamil ",,,,
,Nadu,,,,
92,"M/S.OM SHAKTHI SEAFOODS 78, Mettu Street, ",,TN1/MT/194/08 11/06/2008 ,Frozen ,
,"Ayanavaram, ",,10-06-2011,Chilled,
,"Chennai-600 023., Tamil Nadu",,,,
93,"M/S.OMVISHKAR EXPORTS NEW NO.52, OLD NO.297, ",Ph: 9841041942 ,TN1/MT/424/15 06/10/2015 ,Dried,
,"LINGHI CHETTY STREET, ",email: omvishkarexports@gmail.com,05-10-2024,,
,"CHENNAI-600 001., Tamil Nadu",,,,
94,"M/S.SCANET TRADING PVT LTD., 4, Jayalakshmipuram Ist Street, ",Ph: 04442113810 ,TN1/MT/201/08 19/09/2008 ,Live other than ornamental fish,Live other than ornamental fish:Lobster(Live Lobsters)
,"Nungambakkam, ",email: scanet@skcl.co.in,18-09-2023,,
,"Chennai-600 034., Tamil Nadu",,,,
95,"M/S.SKANDA MARINES PVT LTD 47/1, Sivaswamy Salai, ",Ph: 044-24987266 ,TN1/MT/197/08 12/06/2008 ,Frozen ,
,"Ist Street, Mylapore, ",email: skandamarines@gmail.com,11-06-2011,Chilled,
,"Chennai-600 004., Tamil Nadu",,,,
96,MARINE GOODS TRADERS ,,TN1/MT/412/15 27/05/2015 26/05/2024 ,Dried,"Dried:Dried Fish(Dried : Fish Maws, Eel Fish Maws, Khajura Fish Maw)"
,"NO.82,OLD NO.218,3RD FLOOR ANGAPPA NAICKEN STREET,",,,,
,,,,,
,,,,,
,,,,,
,,,,,
97,MARINEX ,Ph: 25212347 ,TN1/MT/270/11 05/01/2011 ,Dried,Dried:Fish Maws/Isinglass(Eel 
,"174, Coral Merchant Street, Chennai-600 001, Tamil Nadu",email: marinex@rediff.com,02-01-2026,,"Fishmaws,Ghol Fishmaws,kote "
,,,,,"Fishmaws,Dara Fishmaws,Betki "
,,,,,"Fishmaws,Katla Fishmaws,Cat Fishmaws)"
98,MICHVIN EXPORTS ,Ph: 04132235055 ,TN1/MT/489/17 07/07/2017 ,Dried,
,No 94 old No 9/A ,email: michvin_13@yahoo.com,06-07-2023,,
,EZHAIMARIAMMAN KOIL ,,,,
,STREET ,,,,
,"MUTHIALPET/605003, Puducherry",,,,
99,MILLENNIUM EXPORTS ,Ph: 25610498 ,TN1/MT/295/12 03/01/2012 ,Others-Non Edible,Dried:Dried Fish(Ocean Chew (Dog 
,"No-10/14, 1st Floor, ",email: atnus@yahoo.com,02-01-2024,,"Chew),Ocean Delite (Dog Treat),Fish "
,"Anaikar Complex, MV Badran Street, Periyamet, Chennai - 600 003., Tamil Nadu",,,,"Cartilage (Supplement for Dogs),Ocean Oil (Supplement for Dogs))"
100,MONSOON BOUNTY FOODS ,Ph: 04426284700 ,TN1/MT/580/20 11/05/2020 ,Frozen ,
,MANUFACTURING PRIVATE ,email: monsoonbounty@gmail.com Web: www.monsoonbounty.com,10-05-2023,Chilled,
,LIMITED ,,,,
,PLOT NO 99 EPIP ZONE ,,,,
,"SIPCOT INDUSTRIAL ESTATE GUMMIDIPOONDI/601201, Tamil Nadu",,,,
101,"MONSOON FISHERIES, ",Ph: 9474262728 ,TN1/MT/462/16 26/08/2016 ,Frozen ,"Frozen:Fish Wild(Indian Mackerel,YellowFin Tuna,Grouper,Yellowback Fusilier,Sword Fish,Red Snapper)"
,"70-1, DHANIKHARI ",email: pradeep578@gmail.com,25-08-2025,Chilled,
,SIPPIGHAT POST ,,,,
,"SOUTH ANDAMAN/744105, Andaman & Nicobar Islands",,,,
102,NATURAL PRODUCTS EXPORT CORP LTD ,Ph: 04426810091 ,TN1/MT/633/22 15/09/2022 ,Others-Non Edible,
,"PADUR ROAD, ",email: ,14-09-2025,,
,KUTHAMBAKKAM ,LOGISTICS@NATURALPRODUCTSINDIA.COM,,,
,IRULANPALAYAM ,,,,
,"POONAMALLEE/600124, Tamil Nadu",,,,
103,OM SAIAQUA ,Ph: 9542333395 ,TN1/MT/504/17 08/11/2017 ,Others-Non Edible,
,SANTHAVELUR VILLAGE ,email: omsaiaqua@gmail.com,07-11-2023,,
,"VARDAYAPALM MANDALAM CHITTOOR-DIST/524005, Andhra Pradesh",,,,
104,OMEGA SEA FOOD EXPORTS ,Ph: 9444574732 ,TN1/MT/577/20 12/02/2020 ,Chilled,
,"PLOT NO 17-20, VILLAGE NO-92, OM SIVA NAGER, KAMA ",email: Omegaseafood7@yahoo.com,11-02-2026,,
,"SEVVAPETTAI VILLAGE , ",,,,
,SEVVAPETTAI HIGH ROAD ,,,,
,"TAMIL NADU,INDIA/602025, Tamil Nadu",,,,
105,"ORIENT FROZEN FOODS LLP Survey No-51/1B2,N0-4 ",Ph: 9884536422 ,TN1/MT/554/19 22/02/2019 ,Frozen,Frozen:Shrimp Aquaculture(FROZEN RAW HEADLESS SHELLON VANNAMEI 
,Poovalai village ,email: orientfrozenfoods@gmail.com Web: orientfrozenfoods2gmail.com,21-02-2025,,"SHRIMPS BLOCK,FROZEN RAW "
,"gummidipoondi taluk/601201, Tamil Nadu",,,,HEADON SHELLON VANNAMEI 
,,,,,"SHRIMPS IQF,FROZEN RAW PEELED & DEVIENED VANNAMEI SHRIPMS "
,,,,,"IQF,FROZEN RAW PD VANNAMEI "
,,,,,"SHRIPMS BLOCK,FROZEN RAW PUD VANNAMEI SHRIPMS BLOCK,FROZEN RAW HEADLESS SHELLON VANNAMEI SHRIMPS IQF)"
106,SAAMAJA SEA FOODS ,Ph: 43536351 ,TN1/MT/272/11 30/03/2011 ,Frozen,
,"No-146, B, P.S.Sivasami Salai, Mylapore, ",email: saamajaseafoods@gmail.com,29-03-2014,,
,"Chennai-600 004, Tamil Nadu",,,,
107,SAI BALAJI SEAFOODS ,Ph: 9962977120 ,TN1/MT/568/19 19/09/2019 ,Live other than ornamental fish,Live other than ornamental 
,NO.48 VENKATESAN STREET CHINTADRIPET ,email: saibalajiseafoods@gmail.cm,18-09-2025,,"fish:Crab(Crab(Mud Crab),Blood Clam)"
,"CHENNAI/600002, Tamil Nadu",,,,
108,SAT MARINE EXPORT ,Ph: 9176581688 ,TN1/MT/637/22 16/11/2022 ,Live other than ornamental fish,
,"PLOT NO.106 & 107, CHINMAYA NAGAR ",email: admin.vinay@satmarineexport.com,15-11-2025,,
,THAMARAIPAKKAM ,,,,
,THIRUVALLUR (DT) ,,,,
,"CHENNAI, TAMIL NADU/602024, Tamil Nadu",,,,
109,SHENG LONG BIO-TECH (INDIA) PRIVATE LIMITED ,Ph: 9500028355 ,TN1/MT/607/21 29/10/2021 ,Others-Non Edible,
,"PLOT NO.A-11/1, PART A, SIPCOT INDUSTRIAL PARK, ",email: NIROSHA@SHENGLONGINDIA.COM Web: WWW.SHENGLONGINDIA.COM,28-10-2024,,
,"THERVOYKANDIGAI, ",,,,
,"GUMMIDIPOONDI, ",,,,
,"/601202, Tamil Nadu",,,,
,,,,,
,,,,,
,,,,,
 ,,,,,
110,"SIMON SEA FOODS PVT LTD Simon Estates, No.68 ",Ph: 9840218108 ,TN1/MT/592/21 18/01/2021 ,Chilled,"Chilled:Squid(fish, prawn, octopus, squid, lobster)"
,"Nallur Village, Mullikulathur Post Thirukkalukuntram Taluk/603109, Tamil Nadu",email: enquiry@simonseafoods.com Web: www.simonseafoods.com,17-01-2024,,
111,"SOFTGEL HEALTHCARE PVT LTD NO-20/1, Vandalur-Kelambakkam ",Ph: 27498412 ,TN1/MT/263/10 21/12/2010 ,Dried,Dried:Gelatine Capsules(fish oil capsules)
,"Road, ",email: softgelhealthcare@gmail.com,18-12-2025,,
,"Pudupakkam Village, ",,,,
,"Kancheepuram Dist-603 103., Tamil Nadu",,,,
112,ST.PETER & PAUL SEAFOOD EXPORTS PVT.LTD ,Ph: 8072269431 ,TN1/MT/413/15 19/06/2015 ,Frozen,"Frozen:Fish Wild(FROZEN SKIPJACK TUNA,FROZEN YELLOW FIN "
,"NO.61/30, 2ND STREET, KASI GARDEN, ROYAPURAM ",email: qapeterpaulseafood@gmail.com Web: www.peterpaulseafood.com,18-06-2024,,"TUNA,FROZEN RIBBON FISH,FROZEN MACKERAL) "
,CHENNAI 600013 ,,,,Frozen:Shrimp Wild(FROZEN WILD 
,"/600013, Tamil Nadu",,,,"CAUGHT SHRIMPS,FROZEN PINK "
,,,,,"SHRIMPS PUD,FROZEN WHITE "
,,,,,SHRIMPS) 
,,,,,"Frozen:Cuttlefish(FROZEN CUTTLE FISH WHOLE CLEANED,FROZEN CUTTLE FISH IQF) "
,,,,,Frozen:Squid(FROZEN SQUID 
,,,,,"WHOLE,FROZEN SQUID WHOLE "
,,,,,"CLEANED,FROZEN SQUID WHOLE CLEANED IQF) "
,,,,,Frozen:Octopus(FROZEN OCTOPUS 
,,,,,"WHOLE,FROZEN OCTOPUS WHOLE CLEANED BLOCK)"
113,STAR AGRO MARINE EXPORTS PRIVATE LIMITED ,email: sahamedstaragro@gmail.com,TN1/MT/064/05 08/02/2005 ,Frozen,
,"C10, DOOR NO T6, P1,SHREE ",,05-02-2026,,
,RAM PARADISE ,,,,
,",KALAMEGAM ST, MUGAPPAIR WEST ",,,,
,"CHENNAI,TAMIL NADU/600037, Tamil Nadu",,,,
114,THARANGINI SEA FOODS ,Ph: 24490137 ,TN1/MT/578/20 17/03/2020 ,Frozen ,Frozen:Shrimp Wild(FROZEN HEADLESS SHELL ON WHITE SHRIMPS) 
,4/210 ,email: tsfchennai41@yahoo.com,16-03-2023,Chilled,Frozen:Shrimp Aquaculture(FROZEN 
,MGR ROAD ,,,,HEADLESS SHELL ON VANNAMEI 
,"PALAVAKKAM/600041, Tamil Nadu",,,,"SHRIMPS,FROZEN HEADLESS SHELL ON BLACK TIGER SHRIMPS,HEAD ON VANNAMEI,HEAD ON BLACK "
,,,,,"TIGER,PUD VANNAME,PUD BLACK TIGER,PD VANNAMEI,PD BLACK "
,,,,,"TIGER,PD TON VANNAMEI) "
,,,,,Frozen:Cuttlefish(CUTTLE FISH 
,,,,,"WHOLE,CUTTLE FISH WHOLE "
,,,,,CLEANED) 
,,,,,"Frozen:Squid(SQUID WHOLE,SQUID "
,,,,,"WHOLE CLEANED,SQUID TUBE,SQUID RING) "
,,,,,Frozen:Lobster(FROZEN HEAD ON 
,,,,,LOBSTER) 
,,,,,Frozen:Crab(FROZEN WHOLE 
,,,,,"CRAB,FROZEN CUT CRAB)"
115,V. B MEDICARE PRIVATE ,Ph: 0434260691 ,TN1/MT/628/22 18/08/2022 ,Dried,
,LIMITED ,email: sharad.verma@bioplus.in,17-08-2025,,
,"Plot NO. 59,61,62,63,66A,67 ",,,,
,"Sipcot Industrial area Phase-II Krishnagiri Road, Hosur/635109, Tamil Nadu",,,,
116,VALAN MULTI PRODUCTS ,Ph: 28452229 ,TN1/MT/378/14 09/09/2014 ,Live other than ornamental fish,Live other than ornamental 
,"New No.144, Old No.111, 3rd Floor, P V Koil Street,Royapuram, ",email: valanmulti@gmail.com,08-09-2023,,"fish:Gastropod(Live Baigai,Live Horn "
,"Chennai-600 013., Tamil Nadu",,,,"Shell,Live Indian Volute,Live Channeled Whelk) "
,,,,,Live other than ornamental 
,,,,,fish:Bivalves(Live Blood Clam) 
,,,,,Live other than ornamental fish:Lobster(Live Lobster) 
,,,,,Live other than ornamental fish:Crab(Live Mud Crab)
117,VICEROY EXPORTS( INDIA) PRIVATE LIMITED ,Ph: 7204625167 ,TN1/MT/397/15 31/03/2015 ,Frozen,"Frozen:Fish Wild(Frozen Ribbon fish.,Frozen Red snapper,Frozen Reef cod,Frozen "
,55/56 BAKIR ABDUL HUSSAIN MANSION ,email: viceroyexportsmgl@gmail.com,30-03-2024,,"Pomfret,Frozen Sea Bream,Frozen Pearl "
,"THIRD LINE, NORTH BEACH ROAD, ",,,,"spot,Mackerel,Tuna,Seer,Sardine,catfish) Frozen:Shrimp Wild(Black Tiger,White "
,"CHENNAI 600001/600001, Tamil Nadu",,,,"shrimp,Flower shrimp,Brown shrimp,Scampi shrimp) "
,,,,,Frozen:Shrimp Aquaculture(Vannamei) 
,,,,,Frozen:Cuttlefish(Frozen cuttlefish 
,,,,,"whole,Frozen cuttle fish whole "
,,,,,"cleaned,Frozen cuttle fish fillets,Frozen cuttle "
,,,,,
,,,,,
,,,,,
,,,,,
118,"AQUA ZOO AQUA SYSTEMS No 40, GNT Road, ",Ph: 9790900440 ,TN1/OF/630/22 19/08/2022 ,Ornamental Fish,
,Puzhal ,email: cbzrajesh@gmail.com ,18-08-2025,,
,"/600066, Tamil Nadu",Web: www.aquazooaquasystems.com,,,
119,BLUE PLANET AQUA ,Ph: 9841095381 ,TN1/OF/460/16 02/08/2016 ,Ornamental Fish,Ornamental Fish:Fresh Water(Ornamental Fish)
,"NO.6/24, KANDAPPA STREET CHOOLAI, ",email: Blueplanetaqua5@gmail.com,01-08-2025,,
,"CHENNAI/600112, Tamil Nadu",,,,
120,"GOLDEN GALAXY AQUARIUM 39, Jaya Sakthi Nagar, ",Ph: 9840885052 ,TN1/OF/604/21 13/08/2021 ,Ornamental Fish,
,"Aarikambedu,Vellanur Village, ",email: goldengalaxyaquarium@gmail.com,12-08-2024,,
,"Tiruvallur,Chennai-600 062, Tamil Nadu",,,,
121,M/S. SOUTHERN INDIA ,Ph: 04428158929 ,TN1/OF/042/05 19/01/2005 ,Ornamental Fish,
,AQUATEK ,email: siatdiscus@gmail.com,17-01-2023,,
,NO.2 Dr. NARASIMAN ROAD T NAGAR ,,,,
,"CHENNAI/600 017, Tamil Nadu",,,,
122,MARINE WORLD AQUARIUM GF SHOP 1 PL NO 1 ,Ph: 9952729071 ,TN1/OF/625/22 20/05/2022 ,Ornamental Fish,Ornamental Fish:Fresh Water(Ornamental Fish)
,LAKSHMI AVENUE SCHOOL ROAD ,email: marineworldaquairum025@gmail.com,19-05-2025,,
,"KOLATHUR/600099, Tamil Nadu",,,,
123,SAH ENTERPRISES ,Ph: 9944385177 ,TN1/OF/634/22 15/09/2022 ,Ornamental Fish,
,"OLD NO 5 NEW NO 13/7, First Floor ",email: sahenterprises2022@gmail.com,14-09-2025,,
,JAMEELABAD 2ND ,,,,
,"STREET,MELVISHARAM ",,,,
,"Vellore/632509, Tamil Nadu",,,,
124,AQUA WORLD EXPORTS (PVT) LTD ,Ph: 044-26650991 ,TN1/RX/338/13 28/08/2013 ,Frozen,
,"No186/187,Poonamalle High Road Alsa Towers,Kilpauk ",email: aquaworldexports@gmail.com,26-08-2025,,
,"Chennai-600 010., Tamil Nadu",,,,
125,NNK MARINE EXPORTS ,Ph: 600023 ,TN1/RX/638/22 25/11/2022 ,Frozen ,
,"NO 12/29 , VP COLONY , NORTH STREET ",email: info@nnkmarine.com Web: nnkmarine.com,24-11-2025,Chilled,
,"AYANAVARAM , CHENNAI -",,,,
,600023,,,,
,"/600023, Tamil Nadu",,,,
126,NNK MARINE EXPORTS PRIVATE LIMITED ,Ph: 04426740067 ,TN1/RX/624/22 17/05/2022 ,Frozen ,
,"GROUND FLOOR , NO 12/29, VP COLONY , NORTH STREET ",email: nnkmarineexports@yahoo.co.in,16-05-2025,Chilled,
,AYANAVARAM ,,,,
,"/600023, Tamil Nadu",,,,
127,RADHA EXPORTS (INDIA) PVT LTD ,Ph: 04442158145 ,TN1/RX/563/19 12/07/2019 ,Frozen,
,"UNIT NO.201, SIGMA WING, 2ND FLOOR ",email: krishm@airtelmail.in,11-07-2022,,
,"RAHEJA TOWERS, NO.177, ",,,,
,ANNASALAI ,,,,
,"CHENNAI/600002, Tamil Nadu",,,,
128,ST.PETER & PAUL SEAFOOD EXPORTS PVT.LTD ,Ph: 8072269431 ,TN1/RX/632/22 01/09/2022 ,Frozen,
,"61/30, ROYES TOWER, KASI GARDEN, ",email: qapeterpaulseafood@gmail.com Web: www.peterpaulseafood.com,31-08-2025,,
,"2ND STREET, KASIMEDU, ROYAPURAM ",,,,
,"CHENNAI/600013, Tamil Nadu",,,,
129,VISNUKUMAR TRADERS PVT LTD ,Ph: 04426810615 ,TN1/RX/575/19 30/12/2019 ,Frozen,
,"28A, PADUR MAIN ROAD, ",email: dox@vktpl.com ,29-12-2025,,
,KUTHAMBAKKAM ,Web: www.vktpl.com,,,
,"CHENNAI/600124, Tamil Nadu",,,,
